{"val_accuracy": 78.49973586899101, "val_loss": 0.4673321272770409, "val_fl_score": 0.6552089725086846, "train_accuracy": 97.82429245283019, "train_loss": 0.021957147514166418, "lr": 0.0001, "_timestamp": 1646408654, "_runtime": 190, "_step": 2, "Best F1": 0.6552089725086846}