{"val_accuracy": 77.02060221870047, "val_loss": 0.34695832965274653, "val_fl_score": 0.5732443134813243, "train_accuracy": 85.87264150943396, "train_loss": 0.29518849219916, "lr": 0.0001, "_timestamp": 1646410012, "_runtime": 71, "_step": 0, "Best F1": 0.5732443134813243}